TEAM,MATCH UP,GAME DATE,W/L,MIN,PTS,FGM,FGA,FG%,3PM,3PA,3P%,FTM,FTA,FT%,OREB,DREB,REB,AST,TOV,STL,BLK,PF,+/-
,,,,,,,,,,,,,,,,,,,,,,,
BKN,BKN vs. IND,04/10/2022,W,48,134,52,81,64.2,8,22,36.4,22,25,88.0,8,42,50,30,21,5,6,16,8
CHI,CHI @ MIN,04/10/2022,W,48,124,44,83,53.0,10,21,47.6,26,33,78.8,16,32,48,22,23,9,3,22,4
MEM,MEM vs. BOS,04/10/2022,L,48,110,39,102,38.2,15,47,31.9,17,27,63.0,19,26,45,27,10,11,6,16,-29
POR,POR vs. UTA,04/10/2022,L,48,80,31,83,37.3,9,34,26.5,9,12,75.0,5,27,32,21,16,11,8,27,-31
CLE,CLE vs. MIL,04/10/2022,W,48,133,51,94,54.3,19,38,50.0,12,17,70.6,10,38,48,39,12,5,5,26,18
ORL,ORL vs. MIA,04/10/2022,W,48,125,45,91,49.5,23,58,39.7,12,14,85.7,6,42,48,33,10,4,3,16,14
MIL,MIL @ CLE,04/10/2022,L,48,115,39,88,44.3,12,30,40.0,25,32,78.1,8,33,41,27,12,7,2,14,-18
SAC,SAC @ PHX,04/10/2022,W,48,116,40,76,52.6,14,26,53.8,22,30,73.3,2,38,40,26,15,9,7,18,7
IND,IND @ BKN,04/10/2022,L,48,126,47,104,45.2,19,46,41.3,13,19,68.4,11,19,30,32,7,16,1,23,-8
MIN,MIN vs. CHI,04/10/2022,L,48,120,46,91,50.5,11,31,35.5,17,22,77.3,9,23,32,30,13,7,9,23,-4
PHX,PHX vs. SAC,04/10/2022,L,48,109,42,103,40.8,14,47,29.8,11,15,73.3,18,32,50,27,11,9,7,25,-7
NOP,NOP vs. GSW,04/10/2022,L,48,107,42,99,42.4,14,40,35.0,9,12,75.0,18,24,42,24,12,10,0,17,-21
SAS,SAS @ DAL,04/10/2022,L,48,120,43,89,48.3,11,31,35.5,23,23,100,7,28,35,26,8,15,3,17,-10
UTA,UTA @ POR,04/10/2022,W,48,111,37,82,45.1,9,36,25.0,28,38,73.7,15,45,60,23,17,8,6,16,31
DAL,DAL vs. SAS,04/10/2022,W,48,130,46,85,54.1,20,36,55.6,18,23,78.3,10,33,43,34,16,5,3,16,10
DEN,DEN vs. LAL,04/10/2022,L,53,141,49,100,49.0,15,47,31.9,28,36,77.8,11,34,45,33,14,10,7,34,-5
LAL,LAL @ DEN,04/10/2022,W,53,146,44,94,46.8,16,43,37.2,42,47,89.4,13,37,50,26,13,4,6,24,5
CHA,CHA vs. WAS,04/10/2022,W,48,124,48,89,53.9,18,33,54.5,10,14,71.4,11,37,48,34,20,6,9,20,16
DET,DET @ PHI,04/10/2022,L,48,106,38,83,45.8,11,34,32.4,19,29,65.5,15,27,42,26,20,4,4,16,-12
PHI,PHI vs. DET,04/10/2022,W,48,118,46,88,52.3,5,25,20.0,21,23,91.3,10,32,42,25,11,13,6,23,12
MIA,MIA @ ORL,04/10/2022,L,48,111,40,94,42.6,19,50,38.0,12,16,75.0,10,37,47,20,10,5,4,13,-14
WAS,WAS @ CHA,04/10/2022,L,48,108,42,94,44.7,8,23,34.8,16,26,61.5,17,26,43,25,11,12,3,16,-16
OKC,OKC @ LAC,04/10/2022,L,48,88,37,98,37.8,9,34,26.5,5,9,55.6,12,28,40,17,10,6,2,16,-50
GSW,GSW @ NOP,04/10/2022,W,48,128,49,81,60.5,19,33,57.6,11,13,84.6,7,34,41,33,17,5,2,15,21
NYK,NYK vs. TOR,04/10/2022,W,48,105,40,87,46.0,15,43,34.9,10,12,83.3,10,38,48,32,17,6,5,17,11
BOS,BOS @ MEM,04/10/2022,W,48,139,54,99,54.5,18,48,37.5,13,13,100,14,42,56,34,15,5,2,20,29
HOU,HOU vs. ATL,04/10/2022,L,48,114,41,89,46.1,17,46,37.0,15,20,75.0,6,28,34,24,8,4,4,19,-16
TOR,TOR @ NYK,04/10/2022,L,48,94,36,92,39.1,12,42,28.6,10,11,90.9,9,34,43,27,14,10,2,17,-11
LAC,LAC vs. OKC,04/10/2022,W,48,138,54,97,55.7,18,35,51.4,12,14,85.7,12,45,57,34,9,4,8,11,50
ATL,ATL @ HOU,04/10/2022,W,48,130,45,87,51.7,21,38,55.3,19,24,79.2,13,37,50,29,13,4,4,19,16
NOP,NOP @ MEM,04/09/2022,L,48,114,41,91,45.1,6,30,20.0,26,35,74.3,9,20,29,23,16,10,3,22,-27
MEM,MEM vs. NOP,04/09/2022,W,48,141,53,90,58.9,18,35,51.4,17,23,73.9,13,35,48,41,19,6,9,24,27
SAS,SAS vs. GSW,04/09/2022,L,48,94,32,80,40.0,10,31,32.3,20,27,74.1,4,37,41,19,12,5,3,24,-6
LAC,LAC vs. SAC,04/09/2022,W,48,117,42,86,48.8,21,43,48.8,12,15,80.0,10,38,48,29,17,7,3,22,19
GSW,GSW @ SAS,04/09/2022,W,48,100,33,81,40.7,8,32,25.0,26,33,78.8,13,38,51,23,12,8,1,22,6
SAC,SAC @ LAC,04/09/2022,L,48,98,38,86,44.2,7,28,25.0,15,24,62.5,7,35,42,24,13,12,2,16,-19
IND,IND @ PHI,04/09/2022,L,48,120,41,78,52.6,10,23,43.5,28,36,77.8,7,24,31,28,17,8,6,22,-13
PHI,PHI vs. IND,04/09/2022,W,48,133,50,90,55.6,12,34,35.3,21,27,77.8,14,28,42,37,15,14,3,24,13
NYK,NYK @ WAS,04/08/2022,W,48,114,41,88,46.6,16,39,41.0,16,20,80.0,10,32,42,27,10,13,3,19,22
HOU,HOU @ TOR,04/08/2022,L,48,115,43,81,53.1,10,29,34.5,19,24,79.2,7,34,41,24,19,6,3,19,-2
OKC,OKC @ LAL,04/08/2022,L,48,101,40,88,45.5,6,29,20.7,15,19,78.9,9,35,44,21,14,5,3,26,-19
MIL,MIL @ DET,04/08/2022,W,48,131,50,101,49.5,11,37,29.7,20,23,87.0,10,41,51,29,8,7,1,20,30
CLE,CLE @ BKN,04/08/2022,L,48,107,40,82,48.8,8,27,29.6,19,24,79.2,10,21,31,19,9,4,4,20,-11
BKN,BKN vs. CLE,04/08/2022,W,48,118,43,92,46.7,12,32,37.5,20,21,95.2,13,32,45,30,11,5,8,20,11
CHA,CHA @ CHI,04/08/2022,W,48,133,52,86,60.5,19,40,47.5,10,10,100,8,30,38,34,11,7,4,21,16
TOR,TOR vs. HOU,04/08/2022,W,48,117,44,96,45.8,7,29,24.1,22,23,95.7,13,28,41,20,10,13,4,18,2
UTA,UTA vs. PHX,04/08/2022,L,48,105,35,88,39.8,11,38,28.9,24,33,72.7,15,29,44,20,11,8,4,18,-6
MIA,MIA vs. ATL,04/08/2022,W,48,113,40,72,55.6,11,26,42.3,22,28,78.6,4,29,33,20,17,9,1,17,4
DET,DET vs. MIL,04/08/2022,L,48,101,35,90,38.9,10,48,20.8,21,23,91.3,9,34,43,27,14,6,5,22,-30
DAL,DAL vs. POR,04/08/2022,W,48,128,42,79,53.2,20,45,44.4,24,31,77.4,9,42,51,25,15,9,5,19,50
,,,,,,,,,,,,,,,,,,,,,,,
CHI,CHI vs. CHA,04/08/2022,L,48,117,44,82,53.7,13,24,54.2,16,20,80.0,6,25,31,25,12,7,1,12,-16
ATL,ATL @ MIA,04/08/2022,L,48,109,42,88,47.7,8,34,23.5,17,19,89.5,13,30,43,17,15,9,0,23,-4
PHX,PHX @ UTA,04/08/2022,W,48,111,46,92,50.0,6,19,31.6,13,15,86.7,11,35,46,27,13,7,3,25,6
LAL,LAL vs. OKC,04/08/2022,W,48,120,41,82,50.0,9,31,29.0,29,39,74.4,7,38,45,23,10,8,4,17,19
WAS,WAS vs. NYK,04/08/2022,L,48,92,35,69,50.7,9,28,32.1,13,17,76.5,2,35,37,21,22,5,5,19,-22
POR,POR @ DAL,04/08/2022,L,48,78,31,83,37.3,7,32,21.9,9,12,75.0,5,24,29,20,17,9,2,23,-50
POR,POR @ NOP,04/07/2022,L,48,94,36,69,52.2,11,31,35.5,11,13,84.6,3,24,27,28,22,10,4,27,-33
MEM,MEM @ DEN,04/07/2022,L,48,109,42,89,47.2,11,28,39.3,14,19,73.7,10,24,34,30,13,8,3,21,-13
NOP,NOP vs. POR,04/07/2022,W,48,127,44,93,47.3,13,37,35.1,26,31,83.9,23,26,49,31,12,15,1,14,33
SAS,SAS @ MIN,04/07/2022,L,48,121,43,89,48.3,10,28,35.7,25,34,73.5,8,37,45,31,12,5,5,22,-6
DEN,DEN vs. MEM,04/07/2022,W,48,122,44,80,55.0,12,30,40.0,22,25,88.0,8,35,43,27,19,7,2,22,13
TOR,TOR vs. PHI,04/07/2022,W,48,119,45,91,49.5,15,33,45.5,14,18,77.8,12,29,41,22,11,7,4,17,5
CHA,CHA vs. ORL,04/07/2022,W,48,128,48,92,52.2,12,34,35.3,20,27,74.1,10,46,56,29,12,9,10,17,27
MIL,MIL vs. BOS,04/07/2022,W,48,127,49,97,50.5,14,38,36.8,15,21,71.4,14,34,48,27,11,13,5,19,6
BOS,BOS @ MIL,04/07/2022,L,48,121,43,87,49.4,21,50,42.0,14,19,73.7,8,36,44,30,16,8,4,15,-6
ORL,ORL @ CHA,04/07/2022,L,48,101,38,95,40.0,15,48,31.3,10,13,76.9,8,35,43,27,16,6,4,22,-27
MIN,MIN vs. SAS,04/07/2022,W,48,127,41,96,42.7,20,53,37.7,25,31,80.6,13,34,47,25,11,8,2,29,6
PHI,PHI @ TOR,04/07/2022,L,48,114,37,75,49.3,19,36,52.8,21,25,84.0,6,31,37,26,17,7,3,18,-5
GSW,GSW vs. LAL,04/07/2022,W,48,128,51,97,52.6,16,32,50.0,10,10,100,9,36,45,39,15,10,5,26,16
LAL,LAL @ GSW,04/07/2022,L,48,112,37,83,44.6,9,32,28.1,29,38,76.3,8,34,42,14,19,8,4,13,-16
PHX,PHX @ LAC,04/06/2022,L,48,109,42,108,38.9,17,48,35.4,8,12,66.7,18,36,54,29,12,11,2,26,-4
WAS,WAS @ ATL,04/06/2022,L,48,103,42,86,48.8,10,35,28.6,9,11,81.8,6,38,44,26,14,4,4,17,-15
OKC,OKC @ UTA,04/06/2022,L,48,101,37,90,41.1,16,37,43.2,11,17,64.7,11,21,32,27,10,9,1,22,-36
LAC,LAC vs. PHX,04/06/2022,W,48,113,33,75,44.0,12,34,35.3,35,44,79.5,9,46,55,20,17,7,9,17,4
DAL,DAL @ DET,04/06/2022,W,48,131,45,80,56.3,15,33,45.5,26,34,76.5,8,33,41,28,10,8,1,24,18
CHI,CHI vs. BOS,04/06/2022,L,48,94,35,80,43.8,7,23,30.4,17,23,73.9,7,33,40,19,17,7,4,22,-23
NYK,NYK vs. BKN,04/06/2022,L,48,98,32,83,38.6,13,38,34.2,21,36,58.3,10,32,42,22,11,4,7,19,-12
BOS,BOS @ CHI,04/06/2022,W,48,117,43,88,48.9,17,37,45.9,14,22,63.6,8,34,42,29,13,11,6,18,23
ATL,ATL vs. WAS,04/06/2022,W,48,118,43,92,46.7,16,39,41.0,16,19,84.2,7,32,39,26,6,11,1,13,15
BKN,BKN @ NYK,04/06/2022,W,48,110,41,93,44.1,14,41,34.1,14,18,77.8,13,36,49,28,14,7,6,26,12
UTA,UTA vs. OKC,04/06/2022,W,48,137,49,84,58.3,15,36,41.7,24,32,75.0,16,39,55,29,13,7,10,13,36
DET,DET vs. DAL,04/06/2022,L,48,113,35,82,42.7,11,30,36.7,32,35,91.4,11,31,42,26,11,7,5,21,-18
CHI,CHI vs. MIL,04/05/2022,L,48,106,42,98,42.9,9,33,27.3,13,13,100,13,29,42,22,15,8,2,21,-21
NOP,NOP @ SAC,04/05/2022,W,48,123,45,88,51.1,12,25,48.0,21,26,80.8,14,30,44,26,13,13,2,20,14
LAL,LAL @ PHX,04/05/2022,L,48,110,39,86,45.3,9,29,31.0,23,30,76.7,7,39,46,22,16,7,3,14,-11
PHI,PHI @ IND,04/05/2022,W,48,131,47,87,54.0,23,40,57.5,14,18,77.8,5,31,36,34,16,8,3,14,9
BKN,BKN vs. HOU,04/05/2022,W,48,118,39,86,45.3,15,37,40.5,25,27,92.6,12,40,52,22,17,6,9,23,13
CHA,CHA @ MIA,04/05/2022,L,48,115,45,85,52.9,12,38,31.6,13,18,72.2,7,24,31,34,15,8,3,18,-29
SAS,SAS @ DEN,04/05/2022,W,48,116,44,89,49.4,12,26,46.2,16,24,66.7,5,43,48,31,11,6,3,14,19
TOR,TOR vs. ATL,04/05/2022,W,48,118,44,101,43.6,9,35,25.7,21,31,67.7,20,40,60,20,8,6,5,14,10
SAC,SAC vs. NOP,04/05/2022,L,48,109,39,76,51.3,11,30,36.7,20,22,90.9,3,31,34,28,15,4,3,20,-14
UTA,UTA vs. MEM,04/05/2022,W,53,121,40,96,41.7,12,38,31.6,29,43,67.4,13,48,61,23,17,8,8,21,6
MIN,MIN vs. WAS,04/05/2022,L,48,114,41,91,45.1,14,41,34.1,18,25,72.0,6,32,38,27,10,6,3,16,-18
HOU,HOU @ BKN,04/05/2022,L,48,105,40,99,40.4,11,43,25.6,14,25,56.0,18,30,48,18,11,8,6,20,-13
MIL,MIL @ CHI,04/05/2022,W,48,127,46,87,52.9,12,35,34.3,23,25,92.0,8,39,47,32,14,8,8,19,21
PHX,PHX vs. LAL,04/05/2022,W,48,121,50,102,49.0,14,39,35.9,7,9,77.8,11,42,53,38,14,10,4,22,11
POR,POR @ OKC,04/05/2022,L,48,94,35,83,42.2,11,32,34.4,13,16,81.3,10,30,40,24,17,10,6,19,-4
ATL,ATL @ TOR,04/05/2022,L,48,108,43,94,45.7,14,37,37.8,8,12,66.7,10,33,43,31,7,5,4,22,-10
CLE,CLE @ ORL,04/05/2022,L,48,115,42,86,48.8,16,36,44.4,15,22,68.2,9,38,47,25,12,6,4,11,-5
WAS,WAS @ MIN,04/05/2022,W,48,132,56,101,55.4,13,30,43.3,7,14,50.0,9,43,52,38,10,4,4,25,18
,,,,,,,,,,,,,,,,,,,,,,,
IND,IND vs. PHI,04/05/2022,L,48,122,45,95,47.4,12,40,30.0,20,21,95.2,16,32,48,29,16,8,10,18,-9
OKC,OKC vs. POR,04/05/2022,W,48,98,39,81,48.1,9,29,31.0,11,22,50.0,13,34,47,15,17,12,12,10,4
ORL,ORL vs. CLE,04/05/2022,W,48,120,47,93,50.5,16,35,45.7,10,15,66.7,8,35,43,31,7,9,8,19,5
DEN,DEN vs. SAS,04/05/2022,L,48,97,41,98,41.8,7,33,21.2,8,12,66.7,10,41,51,22,11,4,2,19,-19
MEM,MEM @ UTA,04/05/2022,L,53,115,39,101,38.6,13,31,41.9,24,29,82.8,10,41,51,26,13,13,7,29,-6
MIA,MIA vs. CHA,04/05/2022,W,48,144,48,84,57.1,23,42,54.8,25,29,86.2,8,33,41,29,15,10,1,19,29
DAL,DAL @ MIL,04/03/2022,W,48,118,39,76,51.3,16,38,42.1,24,27,88.9,2,36,38,28,14,7,3,20,6
GSW,GSW @ SAC,04/03/2022,W,48,109,41,79,51.9,16,34,47.1,11,15,73.3,7,40,47,29,17,8,8,28,19
HOU,HOU vs. MIN,04/03/2022,L,48,132,48,85,56.5,16,40,40.0,20,29,69.0,11,25,36,28,24,8,4,24,-7
TOR,TOR vs. MIA,04/03/2022,L,48,109,35,83,42.2,12,39,30.8,27,34,79.4,10,28,38,19,17,12,1,20,-5
DET,DET @ IND,04/03/2022,W,48,121,43,99,43.4,21,41,51.2,14,18,77.8,10,28,38,31,12,11,4,19,4
POR,POR @ SAS,04/03/2022,L,48,92,33,84,39.3,16,45,35.6,10,15,66.7,7,32,39,22,14,7,4,22,-21
ORL,ORL vs. NYK,04/03/2022,L,48,88,30,85,35.3,12,44,27.3,16,27,59.3,8,32,40,18,11,5,2,12,-30
PHX,PHX @ OKC,04/03/2022,L,48,96,37,89,41.6,7,38,18.4,15,17,88.2,6,27,33,22,11,14,4,17,-21
DEN,DEN @ LAL,04/03/2022,W,48,129,47,82,57.3,12,31,38.7,23,29,79.3,6,32,38,33,12,10,5,18,11
BOS,BOS vs. WAS,04/03/2022,W,48,144,56,91,61.5,23,44,52.3,9,13,69.2,7,32,39,39,8,6,5,20,42
WAS,WAS @ BOS,04/03/2022,L,48,102,38,82,46.3,8,21,38.1,18,20,90.0,7,25,32,21,12,4,2,14,-42
OKC,OKC vs. PHX,04/03/2022,W,48,117,43,87,49.4,17,41,41.5,14,18,77.8,12,42,54,33,18,7,4,18,21
LAL,LAL vs. DEN,04/03/2022,L,48,118,49,92,53.3,6,20,30.0,14,21,66.7,6,34,40,31,13,4,5,25,-11
NOP,NOP @ LAC,04/03/2022,L,48,100,35,87,40.2,9,24,37.5,21,27,77.8,19,35,54,22,16,4,5,13,-19
MIA,MIA @ TOR,04/03/2022,W,48,114,41,79,51.9,18,38,47.4,14,22,63.6,8,30,38,30,17,9,4,21,5
LAC,LAC vs. NOP,04/03/2022,W,48,119,45,95,47.4,21,44,47.7,8,10,80.0,12,29,41,33,10,10,5,21,19
MIN,MIN @ HOU,04/03/2022,W,48,139,51,86,59.3,17,41,41.5,20,25,80.0,7,25,32,32,19,13,6,27,7
NYK,NYK @ ORL,04/03/2022,W,48,118,45,93,48.4,15,44,34.1,13,16,81.3,13,43,56,29,10,9,7,22,30
MIL,MIL vs. DAL,04/03/2022,L,48,112,42,95,44.2,15,40,37.5,13,18,72.2,10,26,36,25,9,9,1,22,-6
SAC,SAC vs. GSW,04/03/2022,L,48,90,31,81,38.3,7,33,21.2,21,24,87.5,6,29,35,19,13,5,1,15,-19
PHI,PHI @ CLE,04/03/2022,W,48,112,33,80,41.3,11,31,35.5,35,42,83.3,12,38,50,23,14,7,8,19,4
SAS,SAS vs. POR,04/03/2022,W,48,113,38,84,45.2,14,42,33.3,23,30,76.7,10,41,51,25,13,9,1,18,21
CLE,CLE vs. PHI,04/03/2022,L,48,108,35,78,44.9,15,33,45.5,23,31,74.2,7,34,41,24,12,10,3,28,-4
IND,IND vs. DET,04/03/2022,L,48,117,45,94,47.9,12,38,31.6,15,19,78.9,17,41,58,33,19,6,11,21,-4
CHA,CHA @ PHI,04/02/2022,L,48,114,42,87,48.3,11,30,36.7,19,24,79.2,7,25,32,34,17,14,1,18,-30
MIA,MIA @ CHI,04/02/2022,W,48,127,44,82,53.7,17,34,50.0,22,27,81.5,5,36,41,28,9,4,1,21,18
ATL,ATL vs. BKN,04/02/2022,W,48,122,36,86,41.9,13,41,31.7,37,49,75.5,10,44,54,18,7,10,4,18,7
NYK,NYK vs. CLE,04/02/2022,L,48,101,31,77,40.3,13,30,43.3,26,34,76.5,6,29,35,19,11,6,4,19,-18
CLE,CLE @ NYK,04/02/2022,W,48,119,44,81,54.3,15,34,44.1,16,21,76.2,7,36,43,26,12,6,3,24,18
UTA,UTA @ GSW,04/02/2022,L,48,107,38,89,42.7,15,46,32.6,16,22,72.7,12,35,47,19,13,8,2,17,-4
PHI,PHI vs. CHA,04/02/2022,W,48,144,53,87,60.9,21,43,48.8,17,21,81.0,10,37,47,38,19,10,5,18,30
BKN,BKN @ ATL,04/02/2022,L,48,115,42,99,42.4,17,37,45.9,14,19,73.7,10,42,52,17,13,5,3,29,-7
GSW,GSW vs. UTA,04/02/2022,W,48,111,40,84,47.6,20,48,41.7,11,12,91.7,6,35,41,30,11,5,6,22,4
CHI,CHI vs. MIA,04/02/2022,L,48,109,37,86,43.0,9,34,26.5,26,29,89.7,11,28,39,21,6,5,4,19,-18
DEN,DEN vs. MIN,04/01/2022,L,48,130,46,86,53.5,12,35,34.3,26,29,89.7,10,34,44,36,18,7,2,23,-6
NOP,NOP @ LAL,04/01/2022,W,48,114,41,79,51.9,7,26,26.9,25,29,86.2,4,33,37,23,15,8,4,21,3
MEM,MEM vs. PHX,04/01/2022,W,48,122,46,102,45.1,7,24,29.2,23,28,82.1,16,32,48,30,11,7,2,18,8
POR,POR @ SAS,04/01/2022,L,48,111,41,92,44.6,15,35,42.9,14,20,70.0,12,30,42,27,12,12,2,20,-19
DET,DET @ OKC,04/01/2022,W,48,110,40,94,42.6,15,48,31.3,15,18,83.3,8,36,44,29,8,9,8,20,9
SAS,SAS vs. POR,04/01/2022,W,48,130,46,81,56.8,16,37,43.2,22,28,78.6,8,36,44,34,15,9,6,16,19
PHX,PHX @ MEM,04/01/2022,L,48,114,47,86,54.7,10,27,37.0,10,17,58.8,2,37,39,27,20,8,4,25,-8
IND,IND @ BOS,04/01/2022,L,48,123,42,81,51.9,17,36,47.2,22,23,95.7,8,22,30,25,16,9,3,30,-5
TOR,TOR @ ORL,04/01/2022,W,48,102,36,86,41.9,13,42,31.0,17,20,85.0,10,31,41,21,10,13,3,14,13
SAC,SAC @ HOU,04/01/2022,W,48,122,42,81,51.9,12,28,42.9,26,34,76.5,8,39,47,29,13,6,11,19,5
,,,,,,,,,,,,,,,,,,,,,,,
MIL,MIL vs. LAC,04/01/2022,L,48,119,50,94,53.2,8,25,32.0,11,18,61.1,13,25,38,30,15,6,5,19,-34
HOU,HOU vs. SAC,04/01/2022,L,48,117,41,97,42.3,17,45,37.8,18,26,69.2,15,30,45,26,11,9,7,25,-5
MIN,MIN @ DEN,04/01/2022,W,48,136,43,86,50.0,19,40,47.5,31,36,86.1,10,28,38,26,12,14,4,23,6
DAL,DAL @ WAS,04/01/2022,L,48,103,34,78,43.6,11,38,28.9,24,26,92.3,5,31,36,14,13,3,3,16,-32
WAS,WAS vs. DAL,04/01/2022,W,48,135,49,90,54.4,17,33,51.5,20,22,90.9,8,37,45,33,9,7,4,19,32
BOS,BOS vs. IND,04/01/2022,W,48,128,45,83,54.2,12,33,36.4,26,28,92.9,11,29,40,29,16,7,4,19,5
LAL,LAL vs. NOP,04/01/2022,L,48,111,39,82,47.6,11,27,40.7,22,31,71.0,7,33,40,24,17,10,1,24,-3
LAC,LAC @ MIL,04/01/2022,W,48,153,56,92,60.9,23,43,53.5,18,24,75.0,8,28,36,34,10,9,7,17,34
OKC,OKC vs. DET,04/01/2022,L,48,101,36,84,42.9,11,34,32.4,18,29,62.1,12,42,54,24,17,1,8,15,-9
ORL,ORL vs. TOR,04/01/2022,L,48,89,34,79,43.0,11,35,31.4,10,11,90.9,9,36,45,24,22,6,4,14,-13
DET,DET vs. PHI,03/31/2022,W,48,102,41,82,50.0,10,35,28.6,10,15,66.7,5,33,38,26,10,11,4,21,8
CHI,CHI vs. LAC,03/31/2022,W,53,135,50,102,49.0,10,29,34.5,25,32,78.1,13,37,50,24,8,6,3,17,5
ATL,ATL vs. CLE,03/31/2022,W,48,131,45,91,49.5,17,39,43.6,24,28,85.7,12,36,48,27,9,7,4,22,24
LAL,LAL @ UTA,03/31/2022,L,48,109,41,83,49.4,7,25,28.0,20,28,71.4,9,31,40,18,11,5,3,21,-13
MIL,MIL @ BKN,03/31/2022,W,53,120,40,89,44.9,12,41,29.3,28,34,82.4,11,46,57,17,23,12,3,14,1
CLE,CLE @ ATL,03/31/2022,L,48,107,39,90,43.3,7,30,23.3,22,28,78.6,15,32,47,19,14,6,5,20,-24
BKN,BKN vs. MIL,03/31/2022,L,53,119,45,97,46.4,18,37,48.6,11,16,68.8,5,36,41,31,16,12,7,25,-1
LAC,LAC @ CHI,03/31/2022,L,53,130,45,90,50.0,16,36,44.4,24,26,92.3,4,36,40,26,12,7,5,24,-5
UTA,UTA vs. LAL,03/31/2022,W,48,122,46,90,51.1,15,44,34.1,15,24,62.5,9,32,41,25,8,7,2,20,13
PHI,PHI @ DET,03/31/2022,L,48,94,31,69,44.9,7,26,26.9,25,28,89.3,4,35,39,22,15,8,9,17,-8
NOP,NOP @ POR,03/30/2022,W,48,117,40,78,51.3,6,24,25.0,31,39,79.5,12,28,40,26,14,16,6,16,10
ATL,ATL @ OKC,03/30/2022,W,48,136,49,91,53.8,18,39,46.2,20,22,90.9,6,37,43,28,13,10,4,19,18
NYK,NYK vs. CHA,03/30/2022,L,48,114,40,85,47.1,16,44,36.4,18,26,69.2,11,32,43,23,14,5,5,19,-11
ORL,ORL @ WAS,03/30/2022,L,48,110,40,96,41.7,11,34,32.4,19,22,86.4,11,31,42,21,12,8,5,23,-17
GSW,GSW vs. PHX,03/30/2022,L,48,103,35,83,42.2,13,38,34.2,20,25,80.0,10,38,48,26,21,7,4,24,-4
SAS,SAS vs. MEM,03/30/2022,L,48,111,42,83,50.6,14,35,40.0,13,16,81.3,7,30,37,26,15,8,1,13,-1
MEM,MEM @ SAS,03/30/2022,W,48,112,44,91,48.4,16,39,41.0,8,11,72.7,12,28,40,26,14,8,5,15,1
MIN,MIN @ TOR,03/30/2022,L,48,102,37,92,40.2,11,37,29.7,17,23,73.9,17,31,48,26,22,11,9,19,-23
POR,POR vs. NOP,03/30/2022,L,48,107,39,85,45.9,14,42,33.3,15,18,83.3,13,28,41,30,22,7,4,27,-10
PHX,PHX @ GSW,03/30/2022,W,48,107,38,92,41.3,7,28,25.0,24,30,80.0,12,34,46,20,14,9,1,19,4
WAS,WAS vs. ORL,03/30/2022,W,48,127,47,92,51.1,13,36,36.1,20,26,76.9,12,39,51,35,12,5,8,15,17
DEN,DEN @ IND,03/30/2022,W,48,125,50,80,62.5,12,28,42.9,13,14,92.9,8,35,43,33,20,6,4,20,7
CHA,CHA @ NYK,03/30/2022,W,48,125,49,90,54.4,12,35,34.3,15,17,88.2,8,32,40,39,12,7,3,21,11
SAC,SAC @ HOU,03/30/2022,W,48,121,44,95,46.3,7,26,26.9,26,36,72.2,13,31,44,21,9,7,10,21,3
CLE,CLE vs. DAL,03/30/2022,L,48,112,42,83,50.6,11,25,44.0,17,22,77.3,9,30,39,24,15,7,3,15,-8
DAL,DAL @ CLE,03/30/2022,W,48,120,46,88,52.3,16,42,38.1,12,15,80.0,9,29,38,28,12,6,6,17,8
OKC,OKC vs. ATL,03/30/2022,L,48,118,41,87,47.1,17,41,41.5,19,27,70.4,10,32,42,31,18,5,2,17,-18
BOS,BOS vs. MIA,03/30/2022,L,48,98,35,85,41.2,11,37,29.7,17,23,73.9,8,36,44,27,18,9,1,22,-8
TOR,TOR vs. MIN,03/30/2022,W,48,125,48,96,50.0,18,36,50.0,11,15,73.3,11,36,47,32,19,9,4,23,23
HOU,HOU vs. SAC,03/30/2022,L,48,118,43,94,45.7,13,42,31.0,19,25,76.0,12,39,51,23,18,7,4,34,-3
IND,IND vs. DEN,03/30/2022,L,48,118,44,97,45.4,12,40,30.0,18,23,78.3,18,19,37,29,8,11,4,21,-7
MIA,MIA @ BOS,03/30/2022,W,48,106,38,79,48.1,13,34,38.2,17,25,68.0,4,38,42,27,18,9,6,23,8
LAC,LAC vs. UTA,03/29/2022,W,48,121,41,83,49.4,15,36,41.7,24,28,85.7,10,23,33,21,11,8,4,23,6
DET,DET @ BKN,03/29/2022,L,48,123,48,99,48.5,16,38,42.1,11,13,84.6,16,23,39,28,14,11,4,25,-7
DAL,DAL vs. LAL,03/29/2022,W,48,128,45,87,51.7,20,46,43.5,18,23,78.3,11,35,46,27,8,5,1,14,18
LAL,LAL @ DAL,03/29/2022,L,48,110,40,89,44.9,12,44,27.3,18,22,81.8,14,34,48,20,9,7,2,22,-18
MIL,MIL @ PHI,03/29/2022,W,48,118,44,88,50.0,14,38,36.8,16,23,69.6,9,39,48,26,11,5,4,17,2
CHI,CHI @ WAS,03/29/2022,W,48,107,43,85,50.6,6,18,33.3,15,18,83.3,6,30,36,26,9,9,1,14,13
PHI,PHI vs. MIL,03/29/2022,L,48,116,43,89,48.3,16,41,39.0,14,18,77.8,5,35,40,28,9,7,3,19,-2
WAS,WAS vs. CHI,03/29/2022,L,48,94,38,79,48.1,6,26,23.1,12,17,70.6,7,30,37,25,14,6,7,17,-13
,,,,,,,,,,,,,,,,,,,,,,,
UTA,UTA @ LAC,03/29/2022,L,48,115,43,78,55.1,12,31,38.7,17,29,58.6,10,28,38,23,15,5,5,24,-6
BKN,BKN vs. DET,03/29/2022,W,48,130,42,76,55.3,15,28,53.6,31,34,91.2,8,33,41,24,19,9,6,19,7
OKC,OKC @ POR,03/28/2022,W,53,134,48,90,53.3,20,45,44.4,18,25,72.0,11,38,49,32,21,7,3,15,3
CLE,CLE vs. ORL,03/28/2022,W,48,107,37,83,44.6,13,41,31.7,20,23,87.0,6,35,41,26,15,11,4,13,6
IND,IND vs. ATL,03/28/2022,L,48,123,45,87,51.7,17,36,47.2,16,18,88.9,8,20,28,32,14,7,6,22,-9
GSW,GSW @ MEM,03/28/2022,L,48,95,33,81,40.7,9,29,31.0,20,26,76.9,7,33,40,18,17,6,7,27,-28
HOU,HOU vs. SAS,03/28/2022,L,48,120,38,92,41.3,20,49,40.8,24,28,85.7,10,34,44,26,12,5,9,24,-3
MIA,MIA vs. SAC,03/28/2022,W,48,123,49,90,54.4,19,40,47.5,6,6,100,10,38,48,30,16,7,1,20,23
POR,POR vs. OKC,03/28/2022,L,53,131,51,112,45.5,20,50,40.0,9,13,69.2,19,28,47,28,11,17,5,23,-3
ORL,ORL @ CLE,03/28/2022,L,48,101,42,87,48.3,10,37,27.0,7,13,53.8,8,37,45,31,17,6,1,24,-6
CHI,CHI @ NYK,03/28/2022,L,48,104,34,79,43.0,6,23,26.1,30,33,90.9,6,41,47,16,14,6,3,24,-5
MEM,MEM vs. GSW,03/28/2022,W,48,123,43,92,46.7,12,30,40.0,25,35,71.4,13,39,52,26,14,11,3,21,28
TOR,TOR vs. BOS,03/28/2022,W,53,115,46,106,43.4,10,39,25.6,13,18,72.2,16,36,52,16,10,10,11,28,3
BOS,BOS @ TOR,03/28/2022,L,53,112,39,95,41.1,12,40,30.0,22,28,78.6,16,41,57,23,17,5,7,15,-3
CHA,CHA vs. DEN,03/28/2022,L,48,109,44,93,47.3,13,42,31.0,8,12,66.7,8,32,40,33,15,11,3,21,-4
NYK,NYK vs. CHI,03/28/2022,W,48,109,38,89,42.7,12,35,34.3,21,35,60.0,13,33,46,19,6,4,4,22,5
ATL,ATL @ IND,03/28/2022,W,48,132,47,86,54.7,17,35,48.6,21,26,80.8,13,27,40,32,15,11,4,19,9
SAS,SAS @ HOU,03/28/2022,W,48,123,47,100,47.0,7,29,24.1,22,28,78.6,17,39,56,28,13,11,5,20,3
DEN,DEN @ CHA,03/28/2022,W,48,113,40,86,46.5,12,33,36.4,21,28,75.0,17,34,51,29,16,7,3,17,4
SAC,SAC @ MIA,03/28/2022,L,48,100,37,81,45.7,12,35,34.3,14,18,77.8,5,27,32,21,14,6,2,12,-23
WAS,WAS vs. GSW,03/27/2022,W,48,123,44,84,52.4,16,28,57.1,19,22,86.4,5,37,42,33,12,5,8,24,8
BKN,BKN vs. CHA,03/27/2022,L,48,110,43,97,44.3,7,34,20.6,17,26,65.4,14,36,50,30,11,9,11,20,-9
UTA,UTA @ DAL,03/27/2022,L,48,100,41,89,46.1,12,34,35.3,6,10,60.0,7,29,36,23,6,5,1,20,-14
CHA,CHA @ BKN,03/27/2022,W,48,119,42,98,42.9,17,32,53.1,18,23,78.3,17,36,53,26,12,6,2,22,9
LAL,LAL @ NOP,03/27/2022,L,48,108,42,80,52.5,14,35,40.0,10,16,62.5,7,32,39,26,15,5,2,20,-8
GSW,GSW @ WAS,03/27/2022,L,48,115,38,89,42.7,8,33,24.2,31,39,79.5,13,33,46,20,10,8,2,24,-8
NYK,NYK @ DET,03/27/2022,W,48,104,34,85,40.0,13,41,31.7,23,29,79.3,13,38,51,19,14,8,8,16,2
PHI,PHI @ PHX,03/27/2022,L,48,104,37,89,41.6,10,36,27.8,20,26,76.9,12,33,45,22,12,6,4,19,-10
NOP,NOP vs. LAL,03/27/2022,W,48,116,44,91,48.4,9,27,33.3,19,24,79.2,12,29,41,25,7,10,1,13,8
BOS,BOS vs. MIN,03/27/2022,W,48,134,49,87,56.3,17,39,43.6,19,21,90.5,10,35,45,27,13,7,5,20,22
PHX,PHX vs. PHI,03/27/2022,W,48,114,45,87,51.7,13,27,48.1,11,17,64.7,5,35,40,24,13,5,5,21,10
MIN,MIN @ BOS,03/27/2022,L,48,112,45,84,53.6,14,32,43.8,8,12,66.7,4,26,30,26,14,7,3,21,-22
DET,DET vs. NYK,03/27/2022,L,48,102,39,85,45.9,8,29,27.6,16,18,88.9,9,28,37,23,10,8,5,21,-2
DAL,DAL vs. UTA,03/27/2022,W,48,114,40,77,51.9,17,34,50.0,17,24,70.8,10,35,45,21,10,3,2,13,14
CLE,CLE vs. CHI,03/26/2022,L,48,94,34,82,41.5,7,31,22.6,19,27,70.4,15,31,46,17,13,7,3,23,-4
CHI,CHI @ CLE,03/26/2022,W,48,98,36,75,48.0,5,21,23.8,21,25,84.0,6,31,37,23,15,6,1,21,4
TOR,TOR vs. IND,03/26/2022,W,48,131,51,84,60.7,15,32,46.9,14,19,73.7,9,33,42,34,6,9,3,16,40
MIA,MIA vs. BKN,03/26/2022,L,48,95,33,75,44.0,10,34,29.4,19,26,73.1,6,33,39,20,24,7,5,23,-15
MEM,MEM vs. MIL,03/26/2022,W,48,127,49,102,48.0,13,37,35.1,16,23,69.6,16,38,54,30,8,10,9,19,25
MIL,MIL @ MEM,03/26/2022,L,48,102,37,93,39.8,7,32,21.9,21,26,80.8,14,32,46,19,14,4,7,21,-25
ORL,ORL vs. SAC,03/26/2022,L,53,110,45,106,42.5,13,36,36.1,7,7,100,15,42,57,27,13,9,3,20,-4
BKN,BKN @ MIA,03/26/2022,W,48,110,39,83,47.0,11,33,33.3,21,26,80.8,11,29,40,26,17,15,5,22,15
SAS,SAS @ NOP,03/26/2022,W,48,107,39,92,42.4,7,26,26.9,22,25,88.0,16,33,49,22,10,4,6,17,4
SAC,SAC @ ORL,03/26/2022,W,53,114,42,98,42.9,11,36,30.6,19,24,79.2,18,41,59,24,14,4,4,12,4
DEN,DEN vs. OKC,03/26/2022,W,48,113,41,85,48.2,8,31,25.8,23,24,95.8,10,37,47,33,15,11,5,19,6
NOP,NOP vs. SAS,03/26/2022,L,48,103,40,90,44.4,10,32,31.3,13,19,68.4,12,30,42,23,8,4,11,19,-4
IND,IND @ TOR,03/26/2022,L,48,91,33,79,41.8,11,36,30.6,14,20,70.0,9,26,35,23,14,5,3,14,-40
OKC,OKC @ DEN,03/26/2022,L,48,107,39,84,46.4,14,36,38.9,15,16,93.8,5,31,36,29,17,8,5,19,-6
HOU,HOU @ POR,03/26/2022,W,48,115,44,84,52.4,15,35,42.9,12,18,66.7,8,30,38,34,21,12,8,14,17
POR,POR vs. HOU,03/26/2022,L,48,98,37,93,39.8,12,40,30.0,12,17,70.6,21,30,51,21,23,14,4,19,-17
,,,,,,,,,,,,,,,,,,,,,,,
HOU,HOU @ POR,03/25/2022,W,48,125,43,83,51.8,19,45,42.2,20,23,87.0,9,28,37,27,16,12,3,22,19
WAS,WAS @ DET,03/25/2022,W,48,100,36,83,43.4,9,30,30.0,19,21,90.5,5,40,45,23,17,6,7,15,3
GSW,GSW @ ATL,03/25/2022,L,48,110,43,90,47.8,14,41,34.1,10,13,76.9,14,33,47,27,16,4,1,22,-11
UTA,UTA @ CHA,03/25/2022,L,48,101,38,84,45.2,17,47,36.2,8,11,72.7,9,29,38,25,12,7,2,16,-6
DAL,DAL @ MIN,03/25/2022,L,48,95,35,90,38.9,10,43,23.3,15,19,78.9,10,35,45,21,11,4,5,19,-21
POR,POR vs. HOU,03/25/2022,L,48,106,43,85,50.6,3,20,15.0,17,23,73.9,13,25,38,28,17,6,3,21,-19
PHI,PHI @ LAC,03/25/2022,W,48,122,43,92,46.7,15,35,42.9,21,24,87.5,12,40,52,23,13,12,8,18,25
MIA,MIA vs. NYK,03/25/2022,L,48,103,35,70,50.0,12,33,36.4,21,25,84.0,8,27,35,18,15,6,3,25,-8
MIN,MIN vs. DAL,03/25/2022,W,48,116,43,84,51.2,11,32,34.4,19,24,79.2,6,39,45,26,9,4,2,21,21
NYK,NYK @ MIA,03/25/2022,W,48,111,36,82,43.9,17,50,34.0,22,28,78.6,17,25,42,23,11,8,2,24,8
DET,DET vs. WAS,03/25/2022,L,48,97,39,95,41.1,6,32,18.8,13,14,92.9,10,38,48,19,15,9,8,20,-3
LAC,LAC vs. PHI,03/25/2022,L,48,97,34,85,40.0,8,25,32.0,21,25,84.0,9,30,39,19,16,7,7,18,-25
CHA,CHA vs. UTA,03/25/2022,W,48,107,41,88,46.6,13,34,38.2,12,17,70.6,16,29,45,26,10,7,3,17,6
ATL,ATL vs. GSW,03/25/2022,W,48,121,46,89,51.7,14,37,37.8,15,19,78.9,12,32,44,27,12,11,4,18,11
NOP,NOP vs. CHI,03/24/2022,W,48,126,41,83,49.4,12,29,41.4,32,34,94.1,10,33,43,23,11,10,2,17,17
CLE,CLE @ TOR,03/24/2022,L,48,104,37,79,46.8,12,30,40.0,18,22,81.8,9,27,36,24,13,4,3,14,-13
MIL,MIL vs. WAS,03/24/2022,W,48,114,42,81,51.9,16,35,45.7,14,16,87.5,4,37,41,23,16,5,2,17,12
WAS,WAS @ MIL,03/24/2022,L,48,102,43,92,46.7,11,38,28.9,5,9,55.6,12,29,41,25,11,9,1,17,-12
MEM,MEM vs. IND,03/24/2022,W,48,133,50,93,53.8,21,42,50.0,12,17,70.6,16,39,55,34,17,8,9,22,30
IND,IND @ MEM,03/24/2022,L,48,103,39,92,42.4,9,33,27.3,16,23,69.6,9,22,31,20,11,7,8,19,-30
DEN,DEN vs. PHX,03/24/2022,L,48,130,48,81,59.3,15,32,46.9,19,27,70.4,10,27,37,27,17,5,2,22,-10
PHX,PHX @ DEN,03/24/2022,W,48,140,52,86,60.5,13,27,48.1,23,29,79.3,5,24,29,32,9,7,3,23,10
TOR,TOR vs. CLE,03/24/2022,W,48,117,42,89,47.2,16,37,43.2,17,19,89.5,13,27,40,26,9,9,5,22,13
CHI,CHI @ NOP,03/24/2022,L,48,109,40,78,51.3,14,34,41.2,15,19,78.9,4,29,33,25,15,5,4,24,-17
PHX,PHX @ MIN,03/23/2022,W,48,125,45,86,52.3,12,33,36.4,23,29,79.3,11,32,43,30,13,6,9,20,9
LAL,LAL vs. PHI,03/23/2022,L,48,121,50,97,51.5,11,30,36.7,10,16,62.5,11,34,45,25,12,6,3,19,-5
DET,DET vs. ATL,03/23/2022,W,48,122,44,88,50.0,12,33,36.4,22,25,88.0,9,45,54,30,16,10,4,19,21
OKC,OKC vs. ORL,03/23/2022,W,48,118,38,79,48.1,17,41,41.5,25,30,83.3,5,39,44,21,12,6,6,16,16
MEM,MEM vs. BKN,03/23/2022,W,48,132,47,101,46.5,19,38,50.0,19,22,86.4,16,30,46,28,13,8,7,22,12
ATL,ATL @ DET,03/23/2022,L,48,101,37,92,40.2,14,44,31.8,13,15,86.7,9,31,40,21,14,8,3,17,-21
CHA,CHA vs. NYK,03/23/2022,L,48,106,42,89,47.2,13,46,28.3,9,17,52.9,14,31,45,26,11,5,4,18,-15
BOS,BOS vs. UTA,03/23/2022,W,48,125,50,84,59.5,19,36,52.8,6,7,85.7,8,31,39,37,13,8,10,20,28
HOU,HOU @ DAL,03/23/2022,L,48,91,33,82,40.2,4,28,14.3,21,28,75.0,12,33,45,17,16,8,5,21,-19
NYK,NYK @ CHA,03/23/2022,W,48,121,43,83,51.8,20,45,44.4,15,17,88.2,6,34,40,30,9,5,3,17,15
POR,POR vs. SAS,03/23/2022,L,48,96,36,94,38.3,7,26,26.9,17,18,94.4,12,31,43,18,18,5,5,21,-37
SAC,SAC @ IND,03/23/2022,W,48,110,43,82,52.4,12,37,32.4,12,17,70.6,4,32,36,26,17,7,3,10,1
UTA,UTA @ BOS,03/23/2022,L,48,97,35,88,39.8,8,36,22.2,19,21,90.5,16,24,40,13,14,8,1,14,-28
PHI,PHI @ LAL,03/23/2022,W,48,126,47,91,51.6,10,27,37.0,22,28,78.6,8,35,43,26,7,7,5,13,5
BKN,BKN @ MEM,03/23/2022,L,48,120,43,87,49.4,9,25,36.0,25,27,92.6,10,29,39,18,14,6,10,20,-12
GSW,GSW @ MIA,03/23/2022,W,48,118,40,77,51.9,15,36,41.7,23,27,85.2,7,38,45,23,13,5,2,24,14
SAS,SAS @ POR,03/23/2022,W,48,133,46,94,48.9,19,44,43.2,22,24,91.7,14,39,53,34,14,8,11,13,37
MIN,MIN vs. PHX,03/23/2022,L,48,116,42,95,44.2,13,43,30.2,19,22,86.4,15,30,45,27,12,5,5,21,-9
IND,IND vs. SAC,03/23/2022,L,48,109,42,91,46.2,14,36,38.9,11,11,100,10,32,42,34,15,11,3,17,-1
ORL,ORL @ OKC,03/23/2022,L,48,102,36,93,38.7,17,51,33.3,13,16,81.3,9,36,45,24,11,3,3,22,-16
MIA,MIA vs. GSW,03/23/2022,L,48,104,37,85,43.5,14,36,38.9,16,21,76.2,8,26,34,26,10,8,1,19,-14
DAL,DAL vs. HOU,03/23/2022,W,48,110,42,86,48.8,8,33,24.2,18,22,81.8,8,34,42,24,13,9,1,24,19
ATL,ATL @ NYK,03/22/2022,W,48,117,40,81,49.4,15,36,41.7,22,27,81.5,10,33,43,26,14,7,5,18,6
CHI,CHI @ MIL,03/22/2022,L,48,98,39,92,42.4,13,33,39.4,7,13,53.8,5,28,33,21,7,9,4,12,-28
ORL,ORL vs. GSW,03/22/2022,W,48,94,34,79,43.0,10,36,27.8,16,20,80.0,6,33,39,25,14,9,6,14,4
GSW,GSW @ ORL,03/22/2022,L,48,90,34,85,40.0,11,32,34.4,11,16,68.8,12,36,48,21,18,6,3,23,-4
,,,,,,,,,,,,,,,,,,,,,,,
MIL,MIL vs. CHI,03/22/2022,W,48,126,50,82,61.0,12,28,42.9,14,20,70.0,5,48,53,26,15,4,6,12,28
DEN,DEN vs. LAC,03/22/2022,W,48,127,45,83,54.2,16,32,50.0,21,23,91.3,6,34,40,31,11,4,5,19,12
NYK,NYK vs. ATL,03/22/2022,L,48,111,42,86,48.8,13,34,38.2,14,26,53.8,14,27,41,20,14,12,4,23,-6
LAC,LAC @ DEN,03/22/2022,L,48,115,42,86,48.8,10,32,31.3,21,26,80.8,6,29,35,27,6,3,7,19,-12
BOS,BOS @ OKC,03/21/2022,W,48,132,44,86,51.2,15,40,37.5,29,34,85.3,6,36,42,22,9,8,7,18,9
MIA,MIA @ PHI,03/21/2022,L,48,106,38,80,47.5,10,33,30.3,20,20,100,4,30,34,23,12,6,4,16,-7
CHA,CHA vs. NOP,03/21/2022,W,48,106,40,79,50.6,13,37,35.1,13,15,86.7,5,30,35,34,17,5,10,19,3
NOP,NOP @ CHA,03/21/2022,L,48,103,40,90,44.4,9,24,37.5,14,16,87.5,15,32,47,23,15,9,4,16,-3
WAS,WAS @ HOU,03/21/2022,L,48,97,35,85,41.2,6,29,20.7,21,24,87.5,10,37,47,24,11,7,6,15,-18
BKN,BKN vs. UTA,03/21/2022,W,48,114,45,83,54.2,11,30,36.7,13,15,86.7,7,34,41,31,14,5,4,19,8
DET,DET vs. POR,03/21/2022,L,48,115,36,85,42.4,9,35,25.7,34,41,82.9,12,36,48,22,20,8,5,34,-4
POR,POR @ DET,03/21/2022,W,48,119,37,88,42.0,8,28,28.6,37,49,75.5,17,30,47,22,9,15,7,26,4
UTA,UTA @ BKN,03/21/2022,L,48,106,37,83,44.6,14,39,35.9,18,22,81.8,11,26,37,18,14,8,7,16,-8
CHI,CHI vs. TOR,03/21/2022,W,48,113,44,90,48.9,11,28,39.3,14,24,58.3,14,28,42,28,6,6,7,14,14
PHI,PHI vs. MIA,03/21/2022,W,48,113,43,86,50.0,15,37,40.5,12,16,75.0,11,34,45,26,12,6,4,20,7
OKC,OKC vs. BOS,03/21/2022,L,48,123,48,93,51.6,17,37,45.9,10,14,71.4,10,32,42,23,11,5,4,26,-9
LAL,LAL @ CLE,03/21/2022,W,48,131,53,94,56.4,12,32,37.5,13,16,81.3,9,32,41,34,8,7,3,19,11
MIN,MIN @ DAL,03/21/2022,L,48,108,36,91,39.6,13,36,36.1,23,29,79.3,15,35,50,21,9,9,3,18,-2
CLE,CLE vs. LAL,03/21/2022,L,48,120,45,86,52.3,14,39,35.9,16,19,84.2,8,30,38,29,12,3,2,19,-11
HOU,HOU vs. WAS,03/21/2022,W,48,115,42,85,49.4,20,39,51.3,11,13,84.6,6,38,44,30,13,5,8,22,18
DAL,DAL vs. MIN,03/21/2022,W,48,110,40,83,48.2,14,46,30.4,16,21,76.2,7,40,47,27,12,5,3,21,2
TOR,TOR @ CHI,03/21/2022,L,48,99,40,91,44.0,6,32,18.8,13,15,86.7,14,35,49,26,14,5,6,20,-14
HOU,HOU vs. MEM,03/20/2022,L,48,98,37,86,43.0,10,31,32.3,14,24,58.3,5,40,45,26,17,6,3,16,-24
TOR,TOR @ PHI,03/20/2022,W,48,93,35,93,37.6,7,26,26.9,16,23,69.6,20,36,56,16,9,5,4,16,5
ORL,ORL vs. OKC,03/20/2022,W,48,90,32,83,38.6,7,31,22.6,19,24,79.2,15,45,60,22,21,11,4,17,5
IND,IND vs. POR,03/20/2022,W,48,129,48,84,57.1,15,35,42.9,18,21,85.7,11,30,41,38,16,10,2,19,31
DEN,DEN vs. BOS,03/20/2022,L,48,104,35,87,40.2,14,39,35.9,20,25,80.0,13,28,41,22,11,4,3,15,-20
SAC,SAC vs. PHX,03/20/2022,L,53,124,39,91,42.9,16,34,47.1,30,36,83.3,9,33,42,27,15,12,2,21,-3
NOP,NOP @ ATL,03/20/2022,W,48,117,43,96,44.8,7,21,33.3,24,27,88.9,18,36,54,22,16,12,1,23,5
SAS,SAS @ GSW,03/20/2022,W,48,110,38,98,38.8,15,40,37.5,19,25,76.0,17,27,44,25,11,7,2,18,2
BOS,BOS @ DEN,03/20/2022,W,48,124,47,82,57.3,19,40,47.5,11,11,100,5,33,38,29,9,4,6,18,20
UTA,UTA @ NYK,03/20/2022,W,48,108,34,74,45.9,17,46,37.0,23,29,79.3,9,40,49,16,12,9,11,17,15
NYK,NYK vs. UTA,03/20/2022,L,48,93,31,83,37.3,16,40,40.0,15,21,71.4,10,27,37,20,11,7,2,19,-15
MEM,MEM @ HOU,03/20/2022,W,48,122,46,96,47.9,16,34,47.1,14,17,82.4,7,44,51,26,14,14,6,24,24
PHX,PHX @ SAC,03/20/2022,W,53,127,46,92,50.0,12,28,42.9,23,27,85.2,10,40,50,25,18,12,5,30,3
ATL,ATL vs. NOP,03/20/2022,L,48,112,41,87,47.1,10,32,31.3,20,23,87.0,7,33,40,22,16,7,4,22,-5
POR,POR @ IND,03/20/2022,L,48,98,38,81,46.9,9,33,27.3,13,18,72.2,10,22,32,23,18,10,3,19,-31
PHI,PHI vs. TOR,03/20/2022,L,48,88,30,73,41.1,7,27,25.9,21,28,75.0,5,35,40,21,10,7,5,23,-5
OKC,OKC @ ORL,03/20/2022,L,48,85,30,92,32.6,13,48,27.1,12,18,66.7,14,33,47,19,16,13,7,24,-5
GSW,GSW vs. SAS,03/20/2022,L,48,108,41,90,45.6,11,33,33.3,15,21,71.4,20,37,57,26,15,5,1,20,-2
MIL,MIL @ MIN,03/19/2022,L,48,119,43,97,44.3,19,52,36.5,14,17,82.4,14,37,51,27,14,6,4,18,-19
CLE,CLE vs. DET,03/19/2022,W,48,113,45,88,51.1,10,26,38.5,13,23,56.5,12,32,44,28,16,7,4,16,4
CHA,CHA vs. DAL,03/19/2022,W,48,129,44,88,50.0,20,42,47.6,21,27,77.8,10,36,46,33,9,8,8,18,21
LAL,LAL @ WAS,03/19/2022,L,48,119,48,91,52.7,13,35,37.1,10,11,90.9,9,32,41,25,15,3,1,23,-8
MIN,MIN vs. MIL,03/19/2022,W,48,138,47,92,51.1,22,47,46.8,22,26,84.6,8,36,44,30,11,12,2,19,19
DAL,DAL @ CHA,03/19/2022,L,48,108,39,89,43.8,14,38,36.8,16,20,80.0,12,32,44,18,15,4,4,26,-21
DET,DET @ CLE,03/19/2022,L,48,109,41,85,48.2,13,30,43.3,14,19,73.7,10,28,38,23,16,10,6,22,-4
WAS,WAS vs. LAL,03/19/2022,W,48,127,44,85,51.8,13,31,41.9,26,31,83.9,7,29,36,30,8,10,1,13,8
MEM,MEM @ ATL,03/18/2022,L,48,105,40,86,46.5,8,22,36.4,17,23,73.9,15,33,48,18,17,6,10,18,-15
UTA,UTA vs. LAC,03/18/2022,W,48,121,47,97,48.5,16,44,36.4,11,14,78.6,15,44,59,30,12,9,5,18,29
,,,,,,,,,,,,,,,,,,,,,,,
BOS,BOS @ SAC,03/18/2022,W,48,126,46,82,56.1,22,40,55.0,12,17,70.6,6,37,43,33,13,11,1,23,29
TOR,TOR vs. LAL,03/18/2022,L,53,123,49,97,50.5,12,37,32.4,13,20,65.0,16,30,46,25,12,8,2,19,-5
WAS,WAS @ NYK,03/18/2022,L,48,97,34,79,43.0,13,34,38.2,16,21,76.2,3,35,38,19,13,2,6,27,-3
CHI,CHI @ PHX,03/18/2022,L,48,102,35,85,41.2,7,27,25.9,25,31,80.6,13,24,37,20,11,6,0,18,-27
DAL,DAL @ PHI,03/18/2022,L,48,101,37,80,46.3,12,32,37.5,15,21,71.4,11,29,40,21,12,4,3,17,-10
PHX,PHX vs. CHI,03/18/2022,W,48,129,47,84,56.0,11,25,44.0,24,26,92.3,10,39,49,23,13,5,4,20,27
POR,POR @ BKN,03/18/2022,L,48,123,48,96,50.0,13,35,37.1,14,24,58.3,17,20,37,29,14,14,4,26,-5
CLE,CLE vs. DEN,03/18/2022,W,53,119,44,98,44.9,14,37,37.8,17,26,65.4,15,31,46,31,11,11,4,17,3
SAS,SAS vs. NOP,03/18/2022,L,48,91,32,89,36.0,11,44,25.0,16,20,80.0,8,32,40,22,16,5,4,12,-33
PHI,PHI vs. DAL,03/18/2022,W,48,111,37,75,49.3,16,38,42.1,21,23,91.3,5,33,38,23,12,9,4,21,10
NOP,NOP @ SAS,03/18/2022,W,48,124,48,96,50.0,14,34,41.2,14,18,77.8,13,45,58,24,10,13,4,21,33
BKN,BKN vs. POR,03/18/2022,W,48,128,45,77,58.4,10,25,40.0,28,33,84.8,13,32,45,24,21,7,4,22,5
NYK,NYK vs. WAS,03/18/2022,W,48,100,31,90,34.4,10,33,30.3,28,36,77.8,19,41,60,18,13,9,3,20,3
OKC,OKC @ MIA,03/18/2022,L,48,108,40,84,47.6,10,34,29.4,18,23,78.3,11,36,47,19,12,4,5,10,-12
DEN,DEN @ CLE,03/18/2022,L,53,116,46,92,50.0,10,33,30.3,14,18,77.8,13,38,51,35,19,6,3,24,-3
MIA,MIA vs. OKC,03/18/2022,W,48,120,46,95,48.4,18,51,35.3,10,12,83.3,11,35,46,25,6,5,0,19,12
HOU,HOU vs. IND,03/18/2022,L,48,118,39,79,49.4,12,27,44.4,28,32,87.5,5,37,42,24,16,9,8,19,-3
LAL,LAL @ TOR,03/18/2022,W,53,128,47,96,49.0,19,43,44.2,15,21,71.4,13,30,43,33,14,6,4,19,5
LAC,LAC @ UTA,03/18/2022,L,48,92,31,86,36.0,11,35,31.4,19,21,90.5,8,35,43,23,12,10,8,13,-29
IND,IND @ HOU,03/18/2022,W,48,121,47,101,46.5,14,43,32.6,13,19,68.4,16,30,46,29,13,7,4,26,3
SAC,SAC vs. BOS,03/18/2022,L,48,97,33,79,41.8,13,36,36.1,18,24,75.0,8,29,37,23,16,5,6,14,-29
ATL,ATL vs. MEM,03/18/2022,W,48,120,45,91,49.5,13,28,46.4,17,21,81.0,7,33,40,28,10,12,6,20,15
DET,DET @ ORL,03/17/2022,W,48,134,47,94,50.0,20,43,46.5,20,31,64.5,10,35,45,34,9,11,3,21,14
ORL,ORL vs. DET,03/17/2022,L,48,120,47,97,48.5,11,30,36.7,15,21,71.4,10,35,45,24,14,3,4,21,-14
ATL,ATL @ CHA,03/16/2022,L,48,106,40,93,43.0,13,37,35.1,13,14,92.9,12,31,43,28,13,6,2,23,-10
TOR,TOR @ LAC,03/16/2022,W,48,103,38,83,45.8,11,32,34.4,16,21,76.2,13,30,43,14,11,5,1,12,3
CHA,CHA vs. ATL,03/16/2022,W,48,116,43,87,49.4,11,35,31.4,19,23,82.6,11,32,43,30,9,8,8,18,10
LAL,LAL @ MIN,03/16/2022,L,48,104,39,93,41.9,10,44,22.7,16,23,69.6,13,25,38,23,14,7,4,25,-20
PHX,PHX @ HOU,03/16/2022,W,48,129,53,95,55.8,13,33,39.4,10,13,76.9,13,36,49,32,11,5,4,18,17
BOS,BOS @ GSW,03/16/2022,W,48,110,38,81,46.9,15,40,37.5,19,22,86.4,8,45,53,23,10,4,4,15,22
GSW,GSW vs. BOS,03/16/2022,L,48,88,32,86,37.2,11,48,22.9,13,16,81.3,7,31,38,19,8,8,4,21,-22
PHI,PHI @ CLE,03/16/2022,W,48,118,41,79,51.9,12,32,37.5,24,28,85.7,7,32,39,24,11,6,2,25,4
CHI,CHI @ UTA,03/16/2022,L,48,110,43,91,47.3,12,34,35.3,12,17,70.6,5,32,37,28,12,10,2,22,-15
WAS,WAS vs. DEN,03/16/2022,L,48,109,41,87,47.1,5,23,21.7,22,31,71.0,13,35,48,26,11,7,8,18,-18
SAC,SAC vs. MIL,03/16/2022,L,48,126,46,94,48.9,16,43,37.2,18,21,85.7,7,32,39,27,15,8,5,21,-9
CLE,CLE vs. PHI,03/16/2022,L,48,114,39,80,48.8,9,28,32.1,27,32,84.4,8,31,39,25,9,9,4,17,-4
HOU,HOU vs. PHX,03/16/2022,L,48,112,42,85,49.4,16,39,41.0,12,19,63.2,9,24,33,26,12,9,3,13,-17
MIL,MIL @ SAC,03/16/2022,W,48,135,47,89,52.8,18,35,51.4,23,32,71.9,8,39,47,21,13,12,3,19,9
LAC,LAC vs. TOR,03/16/2022,L,48,100,38,78,48.7,11,30,36.7,13,15,86.7,10,31,41,27,14,7,2,15,-3
UTA,UTA vs. CHI,03/16/2022,W,48,125,42,83,50.6,19,39,48.7,22,29,75.9,10,37,47,20,17,8,6,18,15
OKC,OKC @ SAS,03/16/2022,L,48,120,43,82,52.4,13,35,37.1,21,29,72.4,10,37,47,24,19,11,1,18,-2
MIN,MIN vs. LAL,03/16/2022,W,48,124,40,90,44.4,17,42,40.5,27,31,87.1,15,36,51,22,17,7,6,23,20
NYK,NYK vs. POR,03/16/2022,W,48,128,40,80,50.0,16,38,42.1,32,39,82.1,9,38,47,31,11,9,8,14,30
DEN,DEN @ WAS,03/16/2022,W,48,127,46,90,51.1,15,37,40.5,20,21,95.2,8,33,41,30,10,7,3,25,18
DAL,DAL @ BKN,03/16/2022,W,48,113,41,83,49.4,12,34,35.3,19,19,100,9,28,37,21,11,5,2,17,2
POR,POR @ NYK,03/16/2022,L,48,98,40,91,44.0,11,34,32.4,7,14,50.0,10,31,41,26,12,1,3,31,-30
SAS,SAS vs. OKC,03/16/2022,W,48,122,43,98,43.9,19,41,46.3,17,20,85.0,15,33,48,31,12,10,2,18,2
BKN,BKN vs. DAL,03/16/2022,L,48,111,45,91,49.5,9,26,34.6,12,15,80.0,19,26,45,28,11,2,2,21,-2
ORL,ORL vs. BKN,03/15/2022,L,48,108,36,95,37.9,15,41,36.6,21,27,77.8,11,26,37,25,12,2,4,25,-42
IND,IND vs. MEM,03/15/2022,L,48,102,41,98,41.8,6,30,20.0,14,19,73.7,16,33,49,23,19,4,3,21,-33
,,,,,,,,,,,,,,,,,,,,,,,
MEM,MEM @ IND,03/15/2022,W,48,135,54,105,51.4,15,40,37.5,12,20,60.0,18,33,51,38,10,11,11,16,33
DET,DET @ MIA,03/15/2022,L,48,98,37,80,46.3,10,34,29.4,14,22,63.6,6,33,39,23,13,6,5,30,-7
PHX,PHX @ NOP,03/15/2022,W,48,131,49,90,54.4,18,34,52.9,15,15,100,6,28,34,35,9,9,2,22,16
BKN,BKN @ ORL,03/15/2022,W,48,150,53,88,60.2,16,27,59.3,28,34,82.4,7,41,48,35,13,9,4,23,42
MIA,MIA vs. DET,03/15/2022,W,48,105,29,72,40.3,12,33,36.4,35,39,89.7,7,37,44,20,13,1,1,21,7
NOP,NOP vs. PHX,03/15/2022,L,48,115,43,86,50.0,12,34,35.3,17,24,70.8,13,32,45,29,17,7,4,19,-16
DEN,DEN @ PHI,03/14/2022,W,48,114,44,82,53.7,13,33,39.4,13,20,65.0,6,36,42,29,14,8,3,24,4
WAS,WAS @ GSW,03/14/2022,L,48,112,42,82,51.2,10,26,38.5,18,23,78.3,5,30,35,28,12,7,1,18,-14
OKC,OKC vs. CHA,03/14/2022,L,48,116,42,90,46.7,16,44,36.4,16,19,84.2,13,36,49,31,18,4,3,19,-18
MIL,MIL @ UTA,03/14/2022,W,48,117,40,86,46.5,12,31,38.7,25,29,86.2,6,36,42,21,14,10,3,19,6
GSW,GSW vs. WAS,03/14/2022,W,48,126,45,84,53.6,18,45,40.0,18,22,81.8,6,38,44,26,13,7,4,21,14
CLE,CLE vs. LAC,03/14/2022,W,53,120,41,86,47.7,15,30,50.0,23,32,71.9,12,37,49,28,12,7,4,19,9
SAC,SAC vs. CHI,03/14/2022,W,48,112,39,82,47.6,10,25,40.0,24,26,92.3,7,38,45,25,16,10,3,21,9
MIN,MIN @ SAS,03/14/2022,W,48,149,52,90,57.8,17,33,51.5,28,32,87.5,7,33,40,28,16,8,3,20,10
TOR,TOR @ LAL,03/14/2022,W,48,114,39,96,40.6,10,37,27.0,26,36,72.2,19,45,64,24,13,8,9,20,11
ATL,ATL vs. POR,03/14/2022,W,48,122,40,109,36.7,12,48,25.0,30,32,93.8,17,32,49,28,4,13,6,15,9
CHI,CHI @ SAC,03/14/2022,L,48,103,36,88,40.9,10,34,29.4,21,22,95.5,9,31,40,22,15,5,5,20,-9
UTA,UTA vs. MIL,03/14/2022,L,48,111,37,93,39.8,17,48,35.4,20,24,83.3,13,32,45,21,14,7,4,23,-6
CHA,CHA @ OKC,03/14/2022,W,48,134,49,91,53.8,20,35,57.1,16,21,76.2,8,29,37,33,6,12,7,17,18
PHI,PHI vs. DEN,03/14/2022,L,48,110,36,84,42.9,12,33,36.4,26,32,81.3,11,37,48,25,13,8,6,17,-4
LAC,LAC @ CLE,03/14/2022,L,53,111,43,98,43.9,12,36,33.3,13,17,76.5,12,31,43,29,11,5,8,24,-9
POR,POR @ ATL,03/14/2022,L,48,113,44,88,50.0,10,24,41.7,15,21,71.4,11,45,56,25,21,4,9,25,-9
SAS,SAS vs. MIN,03/14/2022,L,48,139,52,97,53.6,13,35,37.1,22,26,84.6,9,27,36,33,15,5,11,24,-10
LAL,LAL vs. TOR,03/14/2022,L,48,103,34,87,39.1,13,42,31.0,22,29,75.9,9,34,43,20,13,7,7,27,-11
LAL,LAL @ PHX,03/13/2022,L,48,111,36,81,44.4,16,40,40.0,23,31,74.2,7,30,37,24,19,4,2,14,-29
ORL,ORL vs. PHI,03/13/2022,L,53,114,41,91,45.1,18,43,41.9,14,20,70.0,8,42,50,28,12,7,7,27,-2
NYK,NYK @ BKN,03/13/2022,L,48,107,39,83,47.0,11,29,37.9,18,21,85.7,11,29,40,27,17,8,5,21,-3
ATL,ATL vs. IND,03/13/2022,W,48,131,46,84,54.8,17,38,44.7,22,24,91.7,9,27,36,27,12,9,3,21,3
DAL,DAL @ BOS,03/13/2022,W,48,95,33,74,44.6,15,37,40.5,14,19,73.7,4,38,42,20,18,7,5,16,3
OKC,OKC vs. MEM,03/13/2022,L,48,118,41,97,42.3,13,41,31.7,23,28,82.1,14,30,44,25,11,7,8,21,-7
BKN,BKN vs. NYK,03/13/2022,W,48,110,44,89,49.4,6,29,20.7,16,22,72.7,12,27,39,30,14,11,3,19,3
HOU,HOU @ NOP,03/13/2022,L,48,105,39,77,50.6,12,31,38.7,15,25,60.0,9,30,39,24,25,3,4,26,-25
PHI,PHI @ ORL,03/13/2022,W,53,116,35,92,38.0,14,37,37.8,32,37,86.5,10,35,45,21,8,7,3,17,2
NOP,NOP vs. HOU,03/13/2022,W,48,130,48,93,51.6,10,32,31.3,24,34,70.6,14,31,45,30,11,17,3,20,25
IND,IND @ ATL,03/13/2022,L,48,128,46,89,51.7,15,35,42.9,21,26,80.8,15,28,43,23,15,7,4,21,-3
DET,DET vs. LAC,03/13/2022,L,48,102,36,80,45.0,12,29,41.4,18,20,90.0,8,36,44,23,10,3,4,18,-4
BOS,BOS vs. DAL,03/13/2022,L,48,92,33,88,37.5,9,37,24.3,17,19,89.5,11,34,45,16,11,8,3,12,-3
MEM,MEM @ OKC,03/13/2022,W,48,125,48,102,47.1,11,29,37.9,18,20,90.0,20,37,57,30,13,8,5,20,7
LAC,LAC @ DET,03/13/2022,W,48,106,40,89,44.9,10,30,33.3,16,20,80.0,11,35,46,25,6,5,3,15,4
PHX,PHX vs. LAL,03/13/2022,W,48,140,58,102,56.9,12,33,36.4,12,14,85.7,14,37,51,36,11,12,5,24,29
SAS,SAS vs. IND,03/12/2022,L,48,108,42,102,41.2,11,34,32.4,13,16,81.3,15,37,52,28,12,6,3,15,-11
POR,POR vs. WAS,03/12/2022,W,48,127,48,93,51.6,11,30,36.7,20,22,90.9,12,31,43,21,11,10,3,21,9
GSW,GSW vs. MIL,03/12/2022,W,48,122,45,93,48.4,18,45,40.0,14,15,93.3,12,43,55,33,12,3,7,19,13
CHI,CHI vs. CLE,03/12/2022,W,48,101,39,88,44.3,9,21,42.9,14,15,93.3,8,38,46,20,14,12,5,18,10
CLE,CLE @ CHI,03/12/2022,L,48,91,36,86,41.9,5,24,20.8,14,17,82.4,5,35,40,19,14,7,4,19,-10
MIN,MIN @ MIA,03/12/2022,W,48,113,35,83,42.2,15,42,35.7,28,32,87.5,6,40,46,21,15,12,5,19,9
IND,IND @ SAS,03/12/2022,W,48,119,45,92,48.9,14,36,38.9,15,15,100,9,38,47,23,13,6,10,20,11
DEN,DEN vs. TOR,03/12/2022,L,48,115,43,78,55.1,11,27,40.7,18,24,75.0,9,30,39,32,19,4,5,23,-12
MIA,MIA vs. MIN,03/12/2022,L,48,104,35,88,39.8,15,45,33.3,19,25,76.0,11,42,53,23,18,7,1,24,-9
SAC,SAC @ UTA,03/12/2022,L,48,125,47,94,50.0,13,33,39.4,18,21,85.7,8,25,33,27,7,6,3,20,-9
,,,,,,,,,,,,,,,,,,,,,,,
MIL,MIL @ GSW,03/12/2022,L,48,109,38,92,41.3,17,44,38.6,16,23,69.6,8,31,39,27,5,8,2,16,-13
TOR,TOR @ DEN,03/12/2022,W,48,127,48,102,47.1,12,31,38.7,19,25,76.0,23,27,50,28,8,12,6,23,12
WAS,WAS @ POR,03/12/2022,L,48,118,39,83,47.0,14,34,41.2,26,27,96.3,9,26,35,26,15,7,8,16,-9
UTA,UTA vs. SAC,03/12/2022,W,48,134,48,86,55.8,16,41,39.0,22,31,71.0,10,34,44,21,10,4,5,20,9
LAC,LAC @ ATL,03/11/2022,L,48,106,40,82,48.8,12,32,37.5,14,17,82.4,6,30,36,22,12,7,3,20,-6
SAS,SAS vs. UTA,03/11/2022,W,48,104,34,85,40.0,6,29,20.7,30,43,69.8,14,40,54,15,13,8,6,20,2
LAL,LAL vs. WAS,03/11/2022,W,48,122,48,91,52.7,14,31,45.2,12,17,70.6,7,30,37,25,9,5,3,25,13
PHX,PHX vs. TOR,03/11/2022,L,48,112,44,88,50.0,11,36,30.6,13,17,76.5,5,35,40,27,16,7,8,23,-5
NOP,NOP vs. CHA,03/11/2022,L,48,120,43,86,50.0,15,39,38.5,19,25,76.0,13,27,40,31,17,9,2,21,-22
HOU,HOU vs. DAL,03/11/2022,L,48,100,41,86,47.7,6,30,20.0,12,19,63.2,5,34,39,29,13,9,3,23,-13
DET,DET @ BOS,03/11/2022,L,48,103,35,83,42.2,10,34,29.4,23,24,95.8,11,31,42,21,14,4,4,22,-11
BOS,BOS vs. DET,03/11/2022,W,48,114,42,90,46.7,6,32,18.8,24,30,80.0,13,34,47,23,9,10,3,19,11
WAS,WAS @ LAL,03/11/2022,L,48,109,39,85,45.9,9,27,33.3,22,33,66.7,14,33,47,21,11,6,6,18,-13
MIA,MIA vs. CLE,03/11/2022,W,48,117,41,86,47.7,11,35,31.4,24,27,88.9,8,34,42,28,9,9,6,26,12
DAL,DAL @ HOU,03/11/2022,W,48,113,40,88,45.5,11,36,30.6,22,28,78.6,12,35,47,20,14,6,8,21,13
UTA,UTA @ SAS,03/11/2022,L,48,102,37,92,40.2,13,40,32.5,15,23,65.2,16,41,57,20,17,10,8,26,-2
ATL,ATL vs. LAC,03/11/2022,W,48,112,43,90,47.8,9,31,29.0,17,19,89.5,15,32,47,28,10,5,3,19,6
NYK,NYK @ MEM,03/11/2022,L,48,114,38,90,42.2,10,25,40.0,28,37,75.7,15,39,54,23,16,8,6,31,-4
CHA,CHA @ NOP,03/11/2022,W,48,142,52,87,59.8,22,47,46.8,16,20,80.0,6,32,38,41,14,11,1,23,22
MEM,MEM vs. NYK,03/11/2022,W,48,118,46,104,44.2,9,26,34.6,17,29,58.6,19,35,54,23,10,8,16,27,4
MIN,MIN @ ORL,03/11/2022,L,48,110,41,90,45.6,15,45,33.3,13,13,100,5,32,37,24,9,8,5,24,-8
ORL,ORL vs. MIN,03/11/2022,W,48,118,40,86,46.5,16,40,40.0,22,25,88.0,10,39,49,31,12,4,3,11,8
TOR,TOR @ PHX,03/11/2022,W,48,117,42,94,44.7,14,32,43.8,19,21,90.5,12,36,48,19,17,11,4,19,5
CLE,CLE @ MIA,03/11/2022,L,48,105,35,79,44.3,8,25,32.0,27,29,93.1,7,33,40,25,18,5,2,23,-12
DEN,DEN vs. GSW,03/10/2022,L,48,102,35,84,41.7,7,31,22.6,25,32,78.1,12,37,49,19,13,5,6,20,-11
GSW,GSW @ DEN,03/10/2022,W,48,113,42,88,47.7,14,42,33.3,15,20,75.0,8,28,36,26,8,9,4,25,11
BKN,BKN @ PHI,03/10/2022,W,48,129,51,91,56.0,18,40,45.0,9,17,52.9,10,35,45,29,12,13,15,22,29
PHI,PHI vs. BKN,03/10/2022,L,48,100,30,93,32.3,14,36,38.9,26,30,86.7,17,33,50,19,20,5,5,19,-29
BOS,BOS @ CHA,03/09/2022,W,48,115,46,93,49.5,12,37,32.4,11,14,78.6,16,31,47,30,11,10,8,20,14
ORL,ORL @ NOP,03/09/2022,W,48,108,36,76,47.4,14,37,37.8,22,26,84.6,7,38,45,25,19,4,1,20,6
LAL,LAL @ HOU,03/09/2022,L,53,130,47,101,46.5,18,47,38.3,18,26,69.2,12,36,48,25,16,10,7,21,-9
UTA,UTA vs. POR,03/09/2022,W,48,123,42,81,51.9,17,46,37.0,22,27,81.5,6,44,50,31,9,3,5,23,38
MIA,MIA vs. PHX,03/09/2022,L,48,90,35,88,39.8,10,33,30.3,10,13,76.9,6,32,38,27,15,8,5,9,-21
TOR,TOR @ SAS,03/09/2022,W,48,119,41,85,48.2,11,30,36.7,26,28,92.9,13,34,47,12,10,7,1,23,15
LAC,LAC vs. WAS,03/09/2022,W,48,115,43,86,50.0,16,32,50.0,13,13,100,7,34,41,21,12,6,10,15,6
CHI,CHI @ DET,03/09/2022,W,48,114,40,76,52.6,3,15,20.0,31,35,88.6,2,31,33,19,11,13,0,15,6
POR,POR @ UTA,03/09/2022,L,48,85,29,89,32.6,9,36,25.0,18,22,81.8,9,27,36,19,10,4,2,23,-38
MIN,MIN vs. OKC,03/09/2022,W,48,132,45,86,52.3,22,52,42.3,20,26,76.9,6,42,48,34,14,10,5,18,30
NOP,NOP vs. ORL,03/09/2022,L,48,102,41,93,44.1,7,31,22.6,13,18,72.2,10,31,41,23,11,11,2,22,-6
NYK,NYK @ DAL,03/09/2022,W,48,107,36,84,42.9,9,34,26.5,26,33,78.8,14,41,55,20,13,3,3,25,30
ATL,ATL @ MIL,03/09/2022,L,48,115,43,86,50.0,11,38,28.9,18,22,81.8,7,37,44,26,9,6,3,20,-9
SAC,SAC vs. DEN,03/09/2022,L,48,100,38,85,44.7,12,34,35.3,12,18,66.7,8,30,38,24,16,11,5,22,-6
WAS,WAS @ LAC,03/09/2022,L,48,109,41,87,47.1,10,27,37.0,17,20,85.0,9,32,41,26,13,10,3,13,-6
CHA,CHA vs. BOS,03/09/2022,L,48,101,36,85,42.4,8,33,24.2,21,28,75.0,15,31,46,18,16,8,7,15,-14
MIL,MIL vs. ATL,03/09/2022,W,48,124,47,94,50.0,12,35,34.3,18,23,78.3,11,39,50,24,9,7,2,19,9
DAL,DAL vs. NYK,03/09/2022,L,48,77,27,86,31.4,6,44,13.6,17,25,68.0,12,25,37,11,8,3,4,24,-30
DET,DET vs. CHI,03/09/2022,L,48,108,42,82,51.2,11,31,35.5,13,17,76.5,5,27,32,25,16,6,3,25,-6
SAS,SAS vs. TOR,03/09/2022,L,48,104,38,84,45.2,9,32,28.1,19,20,95.0,7,29,36,24,14,5,4,18,-15
OKC,OKC @ MIN,03/09/2022,L,48,102,36,87,41.4,14,43,32.6,16,24,66.7,9,33,42,26,16,8,0,18,-30
PHX,PHX @ MIA,03/09/2022,W,48,111,45,99,45.5,11,37,29.7,10,10,100,14,41,55,26,15,8,5,18,21
